{"data_time": 0.0018532774997765955, "eta_seconds": 454.9605272192275, "fast_rcnn/cls_accuracy": 0.3333333333333333, "iteration": 19, "loss_box_reg": 0.0, "loss_cls": 0.6960546970367432, "loss_rpn_cls": 0.02008179295808077, "loss_rpn_loc": 0.010134989395737648, "lr": 1.9981e-05, "roi_head/num_bg_samples": 3.0, "roi_head/num_fg_samples": 0.0, "rpn/num_neg_anchors": 248.5, "rpn/num_pos_anchors": 7.5, "time": 0.4637721990002319, "total_loss": 0.7519574695033953}
